,0
0,https://s5phub.copernicus.eu/dhus/odata/v1/Products('66acc901-5d22-4868-b195-7ed62344a17b')/$value
1,https://s5phub.copernicus.eu/dhus/odata/v1/Products('9498c28b-595f-4ab6-a044-3ac262908f09')/$value
2,https://s5phub.copernicus.eu/dhus/odata/v1/Products('65defcc1-fff3-4f6f-a04c-ef42aac74807')/$value
3,https://s5phub.copernicus.eu/dhus/odata/v1/Products('c2210195-08b6-4d84-bed6-f8285ba34f50')/$value
4,https://s5phub.copernicus.eu/dhus/odata/v1/Products('31007603-b57e-4591-a18c-b9b88b99013a')/$value
5,https://s5phub.copernicus.eu/dhus/odata/v1/Products('63fcb547-5607-4818-ba6f-d1d3b94f1303')/$value
6,https://s5phub.copernicus.eu/dhus/odata/v1/Products('29582c22-c0ba-4757-b807-816d980bbd19')/$value
7,https://s5phub.copernicus.eu/dhus/odata/v1/Products('af4d86d4-4aa3-4473-a4e0-92cc3c073d47')/$value
8,https://s5phub.copernicus.eu/dhus/odata/v1/Products('6d871f9b-c5a4-4207-b0c9-eea649a9397e')/$value
9,https://s5phub.copernicus.eu/dhus/odata/v1/Products('979e16eb-510b-460d-b7db-a14fe16fd77e')/$value
10,https://s5phub.copernicus.eu/dhus/odata/v1/Products('65dd6d1c-a2d2-495b-8061-2cf731c820a7')/$value
11,https://s5phub.copernicus.eu/dhus/odata/v1/Products('a20333f3-0afd-4ce6-9271-c1fe350b674e')/$value
12,https://s5phub.copernicus.eu/dhus/odata/v1/Products('1582c7dc-a8d5-4c72-a90a-6433c05d41bb')/$value
13,https://s5phub.copernicus.eu/dhus/odata/v1/Products('4f436744-b671-424a-8960-7ea564909637')/$value
14,https://s5phub.copernicus.eu/dhus/odata/v1/Products('8bf89eaf-4b12-4c93-a056-d3976d69854a')/$value
15,https://s5phub.copernicus.eu/dhus/odata/v1/Products('6605aa7b-3db7-4a7f-99fd-a8f8a8949aa4')/$value
16,https://s5phub.copernicus.eu/dhus/odata/v1/Products('ea846b5e-930c-469c-b61a-9321b3bacea8')/$value
17,https://s5phub.copernicus.eu/dhus/odata/v1/Products('28e7d667-3a10-4f98-943d-96aded7ac761')/$value
18,https://s5phub.copernicus.eu/dhus/odata/v1/Products('92f4a349-3ec2-4326-b11f-9ed0869bac1b')/$value
19,https://s5phub.copernicus.eu/dhus/odata/v1/Products('0770f4a2-f3a4-4152-8913-602708ffde24')/$value
20,https://s5phub.copernicus.eu/dhus/odata/v1/Products('695b5fa6-0539-4558-b052-5232f0a49997')/$value
21,https://s5phub.copernicus.eu/dhus/odata/v1/Products('6e8c817b-3085-4f05-aad1-77989df3b866')/$value
22,https://s5phub.copernicus.eu/dhus/odata/v1/Products('a1eb8538-1ab2-4a59-8991-67b9bd882074')/$value
23,https://s5phub.copernicus.eu/dhus/odata/v1/Products('83f7b134-2cc5-48b5-853a-12b5501f20ff')/$value
24,https://s5phub.copernicus.eu/dhus/odata/v1/Products('54b53ec4-9f78-4c3d-9189-d5de735bd5af')/$value
25,https://s5phub.copernicus.eu/dhus/odata/v1/Products('be20464a-fd72-4032-b958-c5061c94dd08')/$value
26,https://s5phub.copernicus.eu/dhus/odata/v1/Products('8274c8bc-a603-4883-a2f1-82e0b8f5d8ab')/$value
27,https://s5phub.copernicus.eu/dhus/odata/v1/Products('d8a14c11-a44a-4aae-a115-71322c08025f')/$value
28,https://s5phub.copernicus.eu/dhus/odata/v1/Products('b04a450b-f104-4cf3-abb2-db3062d47d0b')/$value
29,https://s5phub.copernicus.eu/dhus/odata/v1/Products('412e81d5-4aad-44cb-8c03-e32ca125231e')/$value
30,https://s5phub.copernicus.eu/dhus/odata/v1/Products('1d707ba4-9f9d-404a-bc44-ff6fa1230c33')/$value
31,https://s5phub.copernicus.eu/dhus/odata/v1/Products('02117498-683c-4571-a5f0-6c73653ced00')/$value
32,https://s5phub.copernicus.eu/dhus/odata/v1/Products('51ab2ec4-6863-4554-bf1a-2b2a910fabef')/$value
33,https://s5phub.copernicus.eu/dhus/odata/v1/Products('708eeb67-6f54-4007-a709-f8357ad6fda7')/$value
34,https://s5phub.copernicus.eu/dhus/odata/v1/Products('a4922f4e-65c5-4210-b2b0-81eaafd29f06')/$value
35,https://s5phub.copernicus.eu/dhus/odata/v1/Products('03ae3cf6-f393-4c6f-89c3-ffc96a45585a')/$value
36,https://s5phub.copernicus.eu/dhus/odata/v1/Products('6ed332dd-7e1f-44ba-bc19-a023c4e1ff99')/$value
37,https://s5phub.copernicus.eu/dhus/odata/v1/Products('cdb040a3-2436-4808-b877-ab2717e91198')/$value
38,https://s5phub.copernicus.eu/dhus/odata/v1/Products('0ea2bb6d-ba3c-4b26-8de9-73a892e101e4')/$value
39,https://s5phub.copernicus.eu/dhus/odata/v1/Products('85c6d6b3-b333-415c-bb5f-84b900d41fc0')/$value
40,https://s5phub.copernicus.eu/dhus/odata/v1/Products('a27886dc-f58e-4254-8a81-c172d4298051')/$value
41,https://s5phub.copernicus.eu/dhus/odata/v1/Products('af8d64ca-32e9-413a-8d26-ef408f559d18')/$value
42,https://s5phub.copernicus.eu/dhus/odata/v1/Products('12a23899-8f44-43aa-a5b3-1cc23c55e907')/$value
43,https://s5phub.copernicus.eu/dhus/odata/v1/Products('ce34ced6-70cb-4b7d-b104-a43b7b0a36eb')/$value
44,https://s5phub.copernicus.eu/dhus/odata/v1/Products('58e60481-e474-4089-b716-62d20bc88da3')/$value
45,https://s5phub.copernicus.eu/dhus/odata/v1/Products('0697d3ba-9fee-4d1f-ba06-fdb829ef3c8c')/$value
46,https://s5phub.copernicus.eu/dhus/odata/v1/Products('76ab644f-d93e-4c30-b685-cfef7c74ecd1')/$value
47,https://s5phub.copernicus.eu/dhus/odata/v1/Products('4dd8df0a-d7a8-4b7c-9186-e9e4bb50e991')/$value
48,https://s5phub.copernicus.eu/dhus/odata/v1/Products('7dfeaba7-82a5-4569-9e8d-9ddb51875a44')/$value
49,https://s5phub.copernicus.eu/dhus/odata/v1/Products('89d18ea9-257a-42d3-ae45-da8c03b3d16c')/$value
50,https://s5phub.copernicus.eu/dhus/odata/v1/Products('5a31c8d3-9b45-41c7-b709-3261f18344a9')/$value
51,https://s5phub.copernicus.eu/dhus/odata/v1/Products('adf1289c-1697-4d51-aa4f-54180930345a')/$value
52,https://s5phub.copernicus.eu/dhus/odata/v1/Products('6cb5d96e-53a3-46d7-9f5c-d6bbc090ef8c')/$value
53,https://s5phub.copernicus.eu/dhus/odata/v1/Products('35a73f39-98a7-4092-b029-d16791459a13')/$value
54,https://s5phub.copernicus.eu/dhus/odata/v1/Products('fb02c95a-6453-4334-86ab-850b07841db2')/$value
55,https://s5phub.copernicus.eu/dhus/odata/v1/Products('687a6b96-f3a3-40fa-82af-72c98ec89718')/$value
56,https://s5phub.copernicus.eu/dhus/odata/v1/Products('9b22bd83-ec49-4927-936c-6110a0b561ab')/$value
57,https://s5phub.copernicus.eu/dhus/odata/v1/Products('5acb917a-33b8-45d5-8835-10395297d4dd')/$value
58,https://s5phub.copernicus.eu/dhus/odata/v1/Products('eb328365-3df2-4d5f-bcb3-8ebe5a1e0352')/$value
59,https://s5phub.copernicus.eu/dhus/odata/v1/Products('1bb7106f-04a6-45ca-825c-e201a121b06d')/$value
60,https://s5phub.copernicus.eu/dhus/odata/v1/Products('4bd0b8c3-e434-4d94-9cd0-4920485f9677')/$value
61,https://s5phub.copernicus.eu/dhus/odata/v1/Products('228b9855-0ccd-4808-8361-70ef7ec01829')/$value
62,https://s5phub.copernicus.eu/dhus/odata/v1/Products('c114ca15-e562-4757-8f00-c86d7f4aaefb')/$value
63,https://s5phub.copernicus.eu/dhus/odata/v1/Products('645d478b-2e6c-4ca6-ac93-3eb37fe57502')/$value
64,https://s5phub.copernicus.eu/dhus/odata/v1/Products('06b8ac47-9b15-4e12-9a7d-e6f96fc4b89e')/$value
65,https://s5phub.copernicus.eu/dhus/odata/v1/Products('e24dc646-60bd-44b7-8f01-80726243086c')/$value
66,https://s5phub.copernicus.eu/dhus/odata/v1/Products('ebdf8957-de24-410d-9532-6dbcf756bb11')/$value
67,https://s5phub.copernicus.eu/dhus/odata/v1/Products('e7a22955-512f-4739-a041-ec9bc8bb7067')/$value
68,https://s5phub.copernicus.eu/dhus/odata/v1/Products('92ac416a-6110-409a-9883-5518b841a5fa')/$value
69,https://s5phub.copernicus.eu/dhus/odata/v1/Products('41549f88-8944-49e0-bde8-7597c8b625ee')/$value
70,https://s5phub.copernicus.eu/dhus/odata/v1/Products('69c2b962-a597-459e-9acf-2b8202016b7c')/$value
71,https://s5phub.copernicus.eu/dhus/odata/v1/Products('f2ad9206-8695-4666-be6f-86c3756daabf')/$value
72,https://s5phub.copernicus.eu/dhus/odata/v1/Products('97ed6035-6da2-4042-bbb2-82b7e16c3d1a')/$value
73,https://s5phub.copernicus.eu/dhus/odata/v1/Products('4af7921c-a4c6-4074-852d-40543d75be2f')/$value
74,https://s5phub.copernicus.eu/dhus/odata/v1/Products('9c4441c8-24f8-492f-bff9-6503f75024bb')/$value
75,https://s5phub.copernicus.eu/dhus/odata/v1/Products('dc41bc0c-9141-46e1-b483-f5b7598083c4')/$value
76,https://s5phub.copernicus.eu/dhus/odata/v1/Products('a590feb7-e91e-4512-b88b-4239a32003d8')/$value
77,https://s5phub.copernicus.eu/dhus/odata/v1/Products('431a6f54-8e48-4bec-b7a5-e672b07e8140')/$value
78,https://s5phub.copernicus.eu/dhus/odata/v1/Products('969f7f29-59c1-4760-bc64-47a0c0d36a4a')/$value
79,https://s5phub.copernicus.eu/dhus/odata/v1/Products('8c4b9f72-d85a-4bec-8c84-9e86353dba1f')/$value
80,https://s5phub.copernicus.eu/dhus/odata/v1/Products('cb9a55d4-9448-4935-8e8f-cbe24ab14afb')/$value
81,https://s5phub.copernicus.eu/dhus/odata/v1/Products('a6b1b1a2-af61-4526-b63b-613caefcaea4')/$value
82,https://s5phub.copernicus.eu/dhus/odata/v1/Products('beca1709-aedd-45e8-8abb-562aa3112769')/$value
83,https://s5phub.copernicus.eu/dhus/odata/v1/Products('b6a00b44-de59-4317-8276-f45c24861d02')/$value
84,https://s5phub.copernicus.eu/dhus/odata/v1/Products('9fabd50c-70f8-4c2b-9115-b106f2ebfa47')/$value
85,https://s5phub.copernicus.eu/dhus/odata/v1/Products('710bc2b9-3ca5-4a58-a0a9-70126c3e1e9d')/$value
86,https://s5phub.copernicus.eu/dhus/odata/v1/Products('12ec1ba2-f9e2-4b40-ba4d-515e13f1a71f')/$value
